                  epoch,         train/box_loss,         train/cls_loss,         train/dfl_loss,   metrics/precision(B),      metrics/recall(B),       metrics/mAP50(B),    metrics/mAP50-95(B),           val/box_loss,           val/cls_loss,           val/dfl_loss,                 lr/pg0,                 lr/pg1,                 lr/pg2
                      1,                 1.0584,                 3.5548,                 0.9256,                  0.004,                    0.6,                0.15955,                0.14175,                0.76893,                   3.37,                0.81429,                  6e-05,                  6e-05,                  6e-05
                      2,                0.91405,                 3.3224,                0.89896,                  0.006,                    0.9,                0.36081,                0.23939,                 1.0185,                 3.3284,                0.82167,             0.00013931,             0.00013931,             0.00013931
                      3,                 1.0904,                 2.6462,                0.90876,                0.00667,                      1,                0.58092,                0.35439,                 1.0583,                 3.3297,                 0.8149,             0.00021782,             0.00021782,             0.00021782
                      4,                 1.0723,                 1.7706,                 0.8853,                0.00667,                      1,                0.60977,                0.29029,                 0.9793,                 3.2721,                0.80648,             0.00029554,             0.00029554,             0.00029554
                      5,                 1.1216,                 1.3503,                0.89177,                0.00667,                      1,                0.49718,                0.26563,                 1.0292,                 3.2543,                0.81858,             0.00037248,             0.00037248,             0.00037248
                      6,                0.97995,                 1.2614,                0.88104,                0.00667,                      1,                0.44821,                0.24408,                0.95951,                 3.2191,                0.81006,             0.00044862,             0.00044862,             0.00044862
                      7,                0.95477,                 1.3033,                 0.8946,                0.00667,                      1,                0.40847,                0.18572,                0.88194,                 3.2304,                0.82394,             0.00052396,             0.00052396,             0.00052396
                      8,                0.89719,                 1.2575,                0.88444,                0.00667,                      1,                0.12782,                0.04033,                 1.1117,                  3.278,                0.86535,             0.00059852,             0.00059852,             0.00059852
                      9,                0.89768,                 1.1829,                0.88415,                0.00667,                      1,                0.09618,                0.03585,                 1.0333,                 3.2274,                0.83988,             0.00067228,             0.00067228,             0.00067228
                     10,                0.83129,                 1.1295,                0.88373,                0.00644,                0.96667,                0.01707,                0.00961,                 1.2283,                 3.2962,                0.89784,             0.00074525,             0.00074525,             0.00074525
                     11,                0.87673,                 1.1428,                0.88301,                0.00644,                0.96667,                0.01835,                0.01152,                0.98802,                 3.2382,                0.85918,             0.00081743,             0.00081743,             0.00081743
                     12,                0.92676,                 1.0882,                0.87978,                0.00644,                0.96667,                0.02891,                0.01242,                 1.3958,                 3.2651,                0.96607,             0.00088882,             0.00088882,             0.00088882
                     13,                0.92004,                 1.1381,                0.88464,                0.00644,                0.96667,                0.05185,                0.03987,                 1.3232,                 3.2156,                0.95137,             0.00095941,             0.00095941,             0.00095941
                     14,                0.97581,                 1.0806,                 0.8836,                0.00644,                0.96667,                0.06092,                0.04959,                 1.1172,                 3.0806,                0.89241,              0.0010292,              0.0010292,              0.0010292
                     15,                0.88462,                 1.0887,                0.91807,                0.00644,                0.96667,                0.22711,                0.16599,                  1.306,                  2.962,                0.92133,              0.0010982,              0.0010982,              0.0010982
                     16,                0.88449,                 1.0298,                0.87161,                0.00644,                0.96667,                0.45986,                 0.3468,                 1.0867,                 2.8444,                0.87499,              0.0011664,              0.0011664,              0.0011664
                     17,                0.91796,                 1.0038,                 0.8876,                0.00644,                0.96667,                0.68528,                0.51509,                0.95786,                 2.6984,                0.83287,              0.0012339,              0.0012339,              0.0012339
                     18,                0.86774,                0.97428,                0.86104,                      1,                0.90232,                0.96512,                0.68593,                 1.0433,                 2.4044,                 0.8677,              0.0013005,              0.0013005,              0.0013005
                     19,                 0.8432,                0.95779,                0.87243,                      1,                0.82729,                0.96412,                0.67212,                  1.141,                 2.3068,                0.89589,              0.0013664,              0.0013664,              0.0013664
                     20,                0.80646,                 1.0266,                0.87916,                      1,                0.32505,                0.96512,                0.70111,                 1.0138,                 2.2386,                0.87832,              0.0014314,              0.0014314,              0.0014314
                     21,                0.83196,                0.96614,                 0.8946,                      1,                0.52916,                0.96512,                0.69045,                0.93945,                 2.1012,                0.86499,              0.0014957,              0.0014957,              0.0014957
                     22,                0.74645,                0.89842,                0.84453,                0.94952,                 0.6272,                0.90351,                0.69508,                0.93417,                 2.0861,                0.87556,              0.0015591,              0.0015591,              0.0015591
                     23,                0.75986,                0.90615,                0.81981,                0.87678,                0.71187,                0.86569,                0.66621,                 1.0026,                 2.0579,                 0.9138,              0.0016218,              0.0016218,              0.0016218
                     24,                 0.8778,                0.93505,                0.89466,                0.86597,                0.86161,                0.93989,                0.69003,                0.99652,                 1.8311,                0.90033,              0.0016837,              0.0016837,              0.0016837
                     25,                0.78481,                0.91324,                0.85145,                0.96497,                0.91842,                0.95278,                0.66544,                 1.0349,                 1.6318,                0.89543,              0.0017448,              0.0017448,              0.0017448
                     26,                0.79889,                0.87056,                0.83072,                      1,                   0.94,                0.96512,                0.71659,                0.91399,                 1.4263,                0.87025,              0.0017525,              0.0017525,              0.0017525
                     27,                0.77505,                 0.8497,                0.85954,                      1,                0.95275,                0.96512,                0.72376,                0.88163,                 1.2265,                0.87072,              0.0017426,              0.0017426,              0.0017426
                     28,                0.75062,                  0.833,                0.84764,                0.98719,                0.93333,                0.96412,                0.74575,                0.89365,                 1.1316,                0.87119,              0.0017327,              0.0017327,              0.0017327
                     29,                0.77922,                0.86351,                0.87748,                0.99061,                0.93333,                0.96412,                0.74459,                0.87367,                 1.0633,                0.85965,              0.0017228,              0.0017228,              0.0017228
                     30,                0.79184,                0.79528,                 0.8685,                0.98798,                0.93333,                0.96412,                0.74074,                0.85007,                 1.0187,                0.86155,              0.0017129,              0.0017129,              0.0017129
                     31,                0.72974,                0.82646,                0.86484,                0.95901,                0.96667,                0.96412,                0.75253,                0.80581,                0.98592,                0.84871,               0.001703,               0.001703,               0.001703
                     32,                0.72709,                0.78799,                0.85201,                      1,                0.96478,                0.96512,                0.72014,                0.87455,                0.93779,                0.87781,              0.0016931,              0.0016931,              0.0016931
                     33,                 0.7725,                0.82738,                0.87096,                      1,                 0.9595,                0.96512,                0.73364,                0.81971,                0.90299,                0.87251,              0.0016832,              0.0016832,              0.0016832
                     34,                0.74739,                0.75059,                0.84476,                0.96333,                0.96667,                0.96412,                 0.7253,                0.85968,                0.85477,                0.86328,              0.0016733,              0.0016733,              0.0016733
                     35,                0.76936,                0.74827,                0.84282,                0.96443,                0.96667,                0.96412,                0.69962,                0.93686,                0.91995,                0.86543,              0.0016634,              0.0016634,              0.0016634
                     36,                 0.7776,                0.77879,                0.85547,                0.96197,                0.96667,                0.96278,                0.72049,                0.85519,                0.87523,                0.85068,              0.0016535,              0.0016535,              0.0016535
                     37,                0.79023,                0.75482,                0.85314,                0.96164,                0.96667,                0.96412,                0.74249,                0.85632,                0.85558,                0.85102,              0.0016436,              0.0016436,              0.0016436
                     38,                0.74741,                0.76286,                0.83531,                0.99676,                0.93333,                0.96412,                0.69224,                0.95397,                0.80713,                0.89519,              0.0016337,              0.0016337,              0.0016337
                     39,                 0.8124,                 0.7334,                 0.8596,                 0.9996,                0.93333,                0.96318,                 0.7465,                0.84112,                0.76191,                0.87841,              0.0016238,              0.0016238,              0.0016238
                     40,                0.69373,                0.70902,                0.83053,                0.99339,                0.93333,                 0.9623,                0.74366,                0.86123,                0.77912,                0.87542,              0.0016139,              0.0016139,              0.0016139
                     41,                0.77143,                0.74242,                0.84283,                0.99398,                0.93333,                0.96412,                0.75473,                0.84365,                0.78779,                 0.8807,               0.001604,               0.001604,               0.001604
                     42,                0.74415,                0.74172,                0.84719,                      1,                0.95724,                0.96512,                 0.7434,                0.84078,                  0.718,                0.87353,              0.0015941,              0.0015941,              0.0015941
                     43,                0.74618,                0.69919,                0.82002,                0.99397,                0.96667,                0.96512,                0.75102,                0.89405,                0.65258,                0.88563,              0.0015842,              0.0015842,              0.0015842
                     44,                0.81599,                0.74157,                0.87084,                0.98606,                0.96667,                0.96512,                0.75015,                0.81155,                0.65035,                0.86674,              0.0015743,              0.0015743,              0.0015743
                     45,                0.73576,                0.69632,                 0.8451,                0.95933,                0.96667,                0.96412,                0.78118,                0.80109,                0.64855,                0.85367,              0.0015644,              0.0015644,              0.0015644
                     46,                0.69359,                0.72139,                0.81252,                 0.9624,                0.96667,                0.96278,                 0.7263,                0.86843,                 0.6574,                0.85567,              0.0015545,              0.0015545,              0.0015545
                     47,                 0.7096,                0.67972,                0.83482,                 0.9954,                0.96667,                0.96512,                0.75123,                0.85533,                 0.6331,                0.84742,              0.0015446,              0.0015446,              0.0015446
                     48,                0.71018,                0.66811,                0.84269,                0.99631,                0.96667,                0.96524,                 0.7706,                0.80733,                0.58901,                0.83436,              0.0015347,              0.0015347,              0.0015347
                     49,                0.72804,                0.66627,                0.85757,                  0.995,                0.96667,                0.96531,                0.77058,                0.75332,                0.60365,                0.82402,              0.0015248,              0.0015248,              0.0015248
                     50,                 0.7189,                0.67682,                0.84695,                0.99494,                0.96667,                0.96529,                0.76174,                0.76648,                0.61823,                0.82763,              0.0015149,              0.0015149,              0.0015149
                     51,                0.67237,                 0.6646,                 0.8465,                0.99586,                0.96667,                 0.9654,                0.77152,                0.77832,                0.62446,                0.83569,               0.001505,               0.001505,               0.001505
                     52,                0.67471,                0.64822,                0.83267,                0.99592,                0.96667,                0.96981,                0.80785,                0.74826,                0.59805,                0.82953,              0.0014951,              0.0014951,              0.0014951
                     53,                0.61224,                0.61372,                0.82482,                0.99421,                0.96667,                0.97625,                 0.8037,                0.72889,                0.56748,                 0.8242,              0.0014852,              0.0014852,              0.0014852
                     54,                0.66723,                0.61247,                0.84821,                0.99282,                0.96667,                0.97598,                0.81154,                 0.7077,                0.56908,                0.82239,              0.0014753,              0.0014753,              0.0014753
                     55,                0.67002,                0.61898,                0.82495,                 0.9943,                0.96667,                0.97559,                0.78297,                0.72889,                0.57813,                0.82527,              0.0014654,              0.0014654,              0.0014654
                     56,                0.61681,                0.59136,                0.83112,                0.99534,                0.96667,                0.97409,                0.80331,                0.70339,                0.56193,                0.82147,              0.0014555,              0.0014555,              0.0014555
                     57,                0.58726,                0.59509,                0.83435,                      1,                0.96612,                0.97468,                0.81356,                0.68003,                0.56309,                0.82543,              0.0014456,              0.0014456,              0.0014456
                     58,                 0.6141,                0.60347,                 0.8427,                      1,                0.96073,                0.97625,                0.79759,                0.69129,                0.56823,                0.82753,              0.0014357,              0.0014357,              0.0014357
                     59,                0.60011,                0.58355,                0.83352,                      1,                 0.9617,                0.97786,                0.79483,                0.67547,                0.56273,                0.83165,              0.0014258,              0.0014258,              0.0014258
                     60,                0.58586,                0.55458,                0.82496,                0.98543,                0.96667,                0.97864,                0.80969,                0.67882,                 0.5622,                 0.8297,              0.0014159,              0.0014159,              0.0014159
                     61,                0.62278,                0.54951,                0.80672,                0.96661,                0.96667,                0.97864,                0.78951,                0.72657,                0.57792,                0.82495,               0.001406,               0.001406,               0.001406
                     62,                 0.5991,                0.58424,                 0.8533,                0.96657,                0.96667,                0.97906,                0.79467,                0.70559,                0.56286,                 0.8188,              0.0013961,              0.0013961,              0.0013961
                     63,                0.60813,                0.55522,                0.81436,                0.98067,                0.96667,                0.97584,                0.79207,                0.70483,                0.54148,                0.82118,              0.0013862,              0.0013862,              0.0013862
                     64,                 0.6349,                0.57504,                0.82322,                0.98873,                0.96667,                0.97523,                0.77109,                0.75491,                 0.5604,                0.83857,              0.0013763,              0.0013763,              0.0013763
                     65,                0.63061,                0.56382,                0.82083,                0.98883,                0.96667,                0.97669,                0.77575,                0.74519,                0.57929,                0.84597,              0.0013664,              0.0013664,              0.0013664
                     66,                0.59329,                0.56372,                0.81986,                0.98729,                0.96667,                0.97598,                0.77699,                0.69773,                0.55584,                0.84003,              0.0013565,              0.0013565,              0.0013565
                     67,                0.58342,                  0.533,                0.81851,                0.99134,                0.96667,                  0.977,                0.78965,                0.68839,                0.54782,                0.83359,              0.0013466,              0.0013466,              0.0013466
                     68,                0.57255,                0.54947,                0.82871,                0.99288,                0.96667,                0.97786,                0.79063,                0.68244,                0.52835,                 0.8268,              0.0013367,              0.0013367,              0.0013367
                     69,                0.64077,                0.56678,                0.83024,                0.99001,                0.96667,                0.97654,                0.76699,                0.71759,                0.52553,                0.83195,              0.0013268,              0.0013268,              0.0013268
                     70,                0.63497,                 0.5552,                0.84014,                0.99512,                0.96667,                0.97318,                0.78305,                0.71313,                0.53821,                0.83304,              0.0013169,              0.0013169,              0.0013169
                     71,                0.63443,                0.57318,                0.84013,                      1,                0.95913,                0.97081,                0.78178,                0.68431,                 0.5173,                0.82832,               0.001307,               0.001307,               0.001307
                     72,                0.57206,                0.51862,                0.82515,                      1,                 0.9579,                0.96529,                0.78636,                0.64402,                0.50298,                0.81757,              0.0012971,              0.0012971,              0.0012971
                     73,                0.64401,                0.55019,                0.82479,                      1,                 0.9543,                0.96521,                0.78697,                0.70498,                0.52932,                0.82595,              0.0012872,              0.0012872,              0.0012872
                     74,                0.64374,                0.54779,                0.83868,                0.96396,                0.96667,                0.96413,                0.79877,                0.69523,                0.54801,                0.83027,              0.0012773,              0.0012773,              0.0012773
                     75,                0.59627,                0.53607,                 0.8247,                0.96405,                0.96667,                0.96413,                0.80721,                0.62431,                0.51087,                0.81912,              0.0012674,              0.0012674,              0.0012674
                     76,                0.59637,                0.52199,                0.83024,                      1,                0.95924,                0.96514,                0.80222,                 0.6331,                0.50786,                0.81958,              0.0012575,              0.0012575,              0.0012575
                     77,                0.57027,                0.51776,                0.82666,                      1,                0.95978,                0.96514,                  0.812,                0.62948,                0.50143,                0.82051,              0.0012476,              0.0012476,              0.0012476
                     78,                0.52753,                0.50146,                0.80796,                0.99572,                0.96667,                0.96514,                0.80501,                0.63418,                0.48431,                0.81762,              0.0012377,              0.0012377,              0.0012377
                     79,                0.56045,                0.49996,                0.81559,                0.99354,                0.96667,                0.96528,                0.80112,                0.65634,                0.48604,                0.81699,              0.0012278,              0.0012278,              0.0012278
                     80,                 0.5629,                0.49344,                0.81496,                0.99485,                0.96667,                0.96532,                0.78337,                0.67561,                0.50793,                0.82227,              0.0012179,              0.0012179,              0.0012179
                     81,                0.58046,                 0.4975,                0.83358,                0.99641,                0.96667,                0.96533,                 0.7791,                0.70838,                0.50678,                0.83103,               0.001208,               0.001208,               0.001208
                     82,                0.54365,                0.49008,                0.83047,                      1,                0.96563,                0.96613,                0.81231,                0.65565,                0.50053,                0.82368,              0.0011981,              0.0011981,              0.0011981
                     83,                0.62079,                0.49176,                0.82328,                0.99643,                0.96667,                0.97209,                0.82345,                0.65502,                0.49059,                0.81582,              0.0011882,              0.0011882,              0.0011882
                     84,                0.54512,                0.48208,                0.82274,                0.99573,                0.96667,                0.97304,                0.82048,                 0.6717,                0.49096,                0.81669,              0.0011783,              0.0011783,              0.0011783
                     85,                0.56777,                0.49843,                0.81767,                0.99698,                0.96667,                0.97006,                0.81607,                0.67603,                0.47809,                0.82987,              0.0011684,              0.0011684,              0.0011684
                     86,                0.56555,                 0.5026,                0.82565,                0.99757,                0.96667,                0.96541,                0.81342,                0.66984,                0.46969,                0.82526,              0.0011585,              0.0011585,              0.0011585
                     87,                0.58806,                0.48856,                0.82691,                0.99775,                0.96667,                0.96515,                0.81593,                  0.666,                0.47755,                0.82978,              0.0011486,              0.0011486,              0.0011486
                     88,                0.51429,                 0.4599,                0.79438,                0.99784,                0.96667,                0.96516,                0.81928,                0.66472,                0.48724,                0.83213,              0.0011387,              0.0011387,              0.0011387
                     89,                0.53522,                0.47084,                0.81514,                0.99777,                0.96667,                0.96517,                0.80464,                0.68634,                0.47886,                0.83136,              0.0011288,              0.0011288,              0.0011288
                     90,                0.54716,                0.46429,                0.81026,                0.99771,                0.96667,                0.96518,                0.80015,                0.68071,                0.46895,                0.83208,              0.0011189,              0.0011189,              0.0011189
                     91,                0.54731,                0.47863,                0.80318,                0.99769,                0.96667,                0.96519,                 0.8112,                0.65572,                0.47217,                 0.8229,               0.001109,               0.001109,               0.001109
                     92,                0.55838,                0.47948,                0.81651,                0.99814,                0.96667,                0.96519,                0.81857,                0.63601,                0.46664,                0.81857,              0.0010991,              0.0010991,              0.0010991
                     93,                0.55801,                0.46998,                0.81723,                0.99841,                0.96667,                 0.9652,                0.82238,                0.65501,                0.45967,                0.81739,              0.0010892,              0.0010892,              0.0010892
                     94,                0.56011,                0.47369,                0.79871,                0.99834,                0.96667,                 0.9652,                0.78872,                0.72222,                0.47208,                0.82776,              0.0010793,              0.0010793,              0.0010793
                     95,                0.59949,                0.47852,                0.83529,                 0.9981,                0.96667,                 0.9652,                0.80111,                0.66788,                0.46635,                0.82665,              0.0010694,              0.0010694,              0.0010694
                     96,                0.51122,                0.44749,                 0.8109,                 0.9978,                0.96667,                0.97192,                0.79266,                0.62424,                0.45133,                0.82177,              0.0010595,              0.0010595,              0.0010595
                     97,                0.52995,                0.46489,                0.80172,                0.99747,                0.96667,                0.97523,                0.80263,                0.62662,                0.45212,                0.82112,              0.0010496,              0.0010496,              0.0010496
                     98,                0.57137,                0.46265,                0.81123,                0.99742,                0.96667,                0.97611,                0.80391,                0.65509,                0.45342,                0.82225,              0.0010397,              0.0010397,              0.0010397
                     99,                0.51664,                0.45761,                0.79899,                0.99745,                0.96667,                0.97333,                0.79079,                0.74205,                0.48788,                0.82431,              0.0010298,              0.0010298,              0.0010298
                    100,                 0.5641,                 0.4662,                0.81688,                0.99727,                0.96667,                0.97066,                0.80167,                0.70964,                0.48375,                0.82205,              0.0010199,              0.0010199,              0.0010199
                    101,                0.58791,                0.46081,                0.81761,                 0.9977,                0.96667,                  0.975,                0.81097,                0.64528,                0.47139,                0.82545,                0.00101,                0.00101,                0.00101
                    102,                0.55375,                0.45518,                0.80376,                0.99812,                0.96667,                0.97975,                0.81362,                0.67463,                0.46471,                0.82991,              0.0010001,              0.0010001,              0.0010001
                    103,                0.55235,                0.44115,                0.81746,                0.99813,                0.96667,                0.98231,                0.82133,                0.69454,                0.46495,                0.82863,              0.0009902,              0.0009902,              0.0009902
                    104,                0.53657,                0.45812,                0.80985,                0.99787,                0.96667,                0.98375,                0.81568,                0.68875,                0.46503,                0.82041,              0.0009803,              0.0009803,              0.0009803
                    105,                0.53893,                 0.4579,                0.83376,                0.99766,                0.96667,                0.98545,                0.81252,                0.67204,                0.47057,                0.81667,              0.0009704,              0.0009704,              0.0009704
                    106,                0.53956,                0.45375,                 0.8099,                0.99746,                0.96667,                0.98375,                0.80503,                0.64026,                 0.4501,                0.81446,              0.0009605,              0.0009605,              0.0009605
                    107,                0.48866,                 0.4421,                0.82395,                0.99655,                0.96667,                0.98545,                0.82373,                0.61899,                0.45606,                0.81489,              0.0009506,              0.0009506,              0.0009506
                    108,                 0.5253,                0.43659,                0.80712,                0.99612,                0.96667,                0.97952,                0.82554,                0.63639,                 0.4697,                0.81704,              0.0009407,              0.0009407,              0.0009407
                    109,                0.54413,                0.45944,                0.81396,                0.99541,                0.96667,                0.97326,                0.80627,                 0.6837,                0.49825,                0.82401,              0.0009308,              0.0009308,              0.0009308
                    110,                0.53766,                0.45305,                0.82193,                0.99515,                0.96667,                0.97088,                0.80509,                0.71444,                0.49301,                0.82641,              0.0009209,              0.0009209,              0.0009209
                    111,                 0.5106,                0.43975,                 0.8182,                  0.996,                0.96667,                0.97077,                0.81023,                0.69471,                0.47707,                0.82717,               0.000911,               0.000911,               0.000911
                    112,                0.51784,                 0.4465,                0.82995,                0.99798,                0.96667,                0.97639,                0.81487,                0.64671,                0.46573,                0.82297,              0.0009011,              0.0009011,              0.0009011
                    113,                0.52824,                 0.4296,                0.80338,                0.99696,                0.96667,                0.97733,                0.82193,                 0.6338,                0.45442,                0.82351,              0.0008912,              0.0008912,              0.0008912
                    114,                0.54009,                0.43153,                0.82152,                0.99542,                0.96667,                0.97468,                0.81572,                0.64279,                0.46277,                0.82588,              0.0008813,              0.0008813,              0.0008813
                    115,                0.52706,                 0.4275,                0.81651,                0.99279,                0.96667,                0.97263,                0.79942,                 0.6557,                0.46198,                0.82853,              0.0008714,              0.0008714,              0.0008714
                    116,                0.52574,                0.42458,                0.80629,                 0.9885,                0.96667,                0.97006,                0.79034,                0.66237,                0.45304,                0.83166,              0.0008615,              0.0008615,              0.0008615
                    117,                0.52109,                0.43484,                0.82168,                0.98647,                0.96667,                0.97056,                0.81902,                0.64632,                0.45847,                0.82816,              0.0008516,              0.0008516,              0.0008516
                    118,                  0.488,                0.42239,                0.82129,                0.99107,                0.96667,                0.97192,                0.80828,                0.62751,                0.45424,                 0.8243,              0.0008417,              0.0008417,              0.0008417
                    119,                0.49429,                  0.432,                0.82259,                0.99475,                0.96667,                0.97182,                0.80147,                  0.642,                0.45067,                0.82794,              0.0008318,              0.0008318,              0.0008318
                    120,                0.52172,                0.43251,                0.80751,                0.99563,                0.96667,                0.97244,                 0.8168,                0.61405,                0.42905,                 0.8239,              0.0008219,              0.0008219,              0.0008219
                    121,                0.51569,                0.42423,                0.82478,                0.99737,                0.96667,                0.97238,                0.82892,                  0.614,                0.44897,                 0.8162,               0.000812,               0.000812,               0.000812
                    122,                0.48019,                0.41746,                 0.8218,                      1,                0.96566,                0.97349,                0.82239,                0.62383,                0.44185,                0.81416,              0.0008021,              0.0008021,              0.0008021
                    123,                0.50479,                0.41657,                0.81269,                      1,                0.96626,                0.97318,                0.83553,                0.60147,                0.43749,                0.81544,              0.0007922,              0.0007922,              0.0007922
                    124,                0.47789,                0.41108,                0.82249,                0.99677,                0.96667,                0.97365,                0.82383,                0.59128,                0.42231,                0.81761,              0.0007823,              0.0007823,              0.0007823
                    125,                0.49088,                0.41545,                0.78886,                0.99626,                0.96667,                 0.9725,                0.82709,                0.59634,                0.42877,                0.81571,              0.0007724,              0.0007724,              0.0007724
                    126,                0.48199,                 0.4111,                0.80605,                 0.9972,                0.96667,                0.97138,                0.84517,                 0.5927,                0.42759,                0.81339,              0.0007625,              0.0007625,              0.0007625
                    127,                0.47397,                0.39496,                0.80592,                0.99769,                0.96667,                0.96966,                0.83077,                0.63635,                0.43054,                 0.8127,              0.0007526,              0.0007526,              0.0007526
                    128,                0.50832,                0.41821,                0.82361,                0.99774,                0.96667,                0.96617,                0.81833,                0.64657,                0.43347,                0.81578,              0.0007427,              0.0007427,              0.0007427
                    129,                0.50875,                0.40562,                0.79897,                0.99772,                0.96667,                 0.9663,                0.83029,                0.62849,                0.43859,                0.81718,              0.0007328,              0.0007328,              0.0007328
                    130,                0.49246,                0.40699,                0.82513,                0.99779,                0.96667,                0.96634,                0.82195,                0.62908,                 0.4347,                0.82033,              0.0007229,              0.0007229,              0.0007229
                    131,                0.50714,                0.41943,                0.80618,                0.99769,                0.96667,                0.96631,                0.83585,                0.62436,                0.44403,                0.82205,               0.000713,               0.000713,               0.000713
                    132,                0.48652,                 0.4039,                0.81425,                0.99759,                0.96667,                 0.9663,                0.83517,                0.60736,                0.43529,                0.82192,              0.0007031,              0.0007031,              0.0007031
                    133,                0.47541,                0.40377,                0.79572,                0.99746,                0.96667,                0.96633,                0.83613,                0.63246,                0.41986,                0.82001,              0.0006932,              0.0006932,              0.0006932
                    134,                0.49286,                0.40425,                0.80265,                0.99741,                0.96667,                0.96638,                0.83459,                0.64167,                0.42946,                0.82042,              0.0006833,              0.0006833,              0.0006833
                    135,                0.48107,                0.39012,                0.79574,                0.99735,                0.96667,                0.96634,                0.83829,                0.62023,                0.43217,                0.82089,              0.0006734,              0.0006734,              0.0006734
                    136,                0.46924,                0.39905,                0.78278,                0.99732,                0.96667,                0.96753,                0.83196,                0.64413,                0.43562,                0.82622,              0.0006635,              0.0006635,              0.0006635
                    137,                0.49385,                 0.4047,                0.79714,                0.99738,                0.96667,                0.96893,                0.82105,                0.66535,                0.43024,                0.83397,              0.0006536,              0.0006536,              0.0006536
                    138,                0.47489,                0.38649,                0.79978,                0.99733,                0.96667,                0.96959,                 0.8222,                0.65287,                0.43749,                0.83159,              0.0006437,              0.0006437,              0.0006437
                    139,                0.45749,                 0.3967,                  0.787,                0.99716,                0.96667,                0.97104,                0.81566,                0.64872,                0.43215,                0.82063,              0.0006338,              0.0006338,              0.0006338
                    140,                0.47428,                0.39292,                0.81002,                0.99708,                0.96667,                0.97276,                0.80235,                0.67608,                0.42947,                0.82066,              0.0006239,              0.0006239,              0.0006239
                    141,                 0.5386,                0.40323,                0.80607,                0.99714,                0.96667,                0.97382,                0.82226,                0.66664,                0.43273,                 0.8227,               0.000614,               0.000614,               0.000614
                    142,                0.47535,                0.39333,                 0.8025,                0.99705,                0.96667,                0.97489,                0.82359,                0.65168,                0.42861,                0.82896,              0.0006041,              0.0006041,              0.0006041
                    143,                0.47778,                0.39218,                0.81791,                 0.9969,                0.96667,                0.97489,                0.80106,                0.66005,                0.43652,                0.83683,              0.0005942,              0.0005942,              0.0005942
                    144,                0.42059,                0.36727,                0.80325,                0.99704,                0.96667,                  0.975,                0.80738,                0.66386,                0.44223,                0.83722,              0.0005843,              0.0005843,              0.0005843
                    145,                 0.4702,                 0.3726,                 0.8026,                 0.9972,                0.96667,                0.97418,                0.82429,                0.62905,                0.43424,                0.83163,              0.0005744,              0.0005744,              0.0005744
                    146,                0.48855,                0.38736,                0.83655,                0.99741,                0.96667,                0.97428,                0.80798,                0.64427,                0.41266,                0.82598,              0.0005645,              0.0005645,              0.0005645
                    147,                0.47044,                0.38795,                0.79995,                 0.9978,                0.96667,                0.97333,                0.82294,                0.65998,                0.40134,                0.82277,              0.0005546,              0.0005546,              0.0005546
                    148,                0.44906,                0.36967,                0.79714,                0.99789,                0.96667,                0.97311,                0.81802,                0.65868,                0.39735,                0.82394,              0.0005447,              0.0005447,              0.0005447
                    149,                0.48254,                0.37604,                0.81863,                0.99798,                0.96667,                0.97326,                0.81431,                0.64806,                0.40438,                0.82687,              0.0005348,              0.0005348,              0.0005348
                    150,                0.42719,                0.36549,                0.81796,                  0.998,                0.96667,                0.97311,                0.82351,                0.65564,                 0.4169,                0.83137,              0.0005249,              0.0005249,              0.0005249
                    151,                0.44425,                0.37063,                0.79243,                0.99798,                0.96667,                0.97283,                0.82403,                0.64942,                0.41273,                0.83018,               0.000515,               0.000515,               0.000515
                    152,                0.47884,                0.37928,                0.80792,                0.99799,                0.96667,                0.97209,                0.83654,                0.62521,                0.39815,                0.82427,              0.0005051,              0.0005051,              0.0005051
                    153,                0.46608,                0.39058,                0.80201,                0.99794,                0.96667,                0.97304,                0.82588,                0.64118,                0.39921,                0.82048,              0.0004952,              0.0004952,              0.0004952
                    154,                  0.427,                0.37464,                0.81921,                0.99789,                0.96667,                0.97534,                0.82532,                0.65573,                0.41216,                0.82055,              0.0004853,              0.0004853,              0.0004853
                    155,                0.45351,                0.36452,                0.82506,                0.99784,                0.96667,                0.97768,                0.82546,                0.64028,                 0.4042,                0.81972,              0.0004754,              0.0004754,              0.0004754
                    156,                0.43463,                0.36286,                0.80263,                0.99792,                0.96667,                0.98107,                0.83832,                0.60799,                0.40619,                0.82022,              0.0004655,              0.0004655,              0.0004655
                    157,                0.40754,                0.35733,                0.80947,                  0.998,                0.96667,                0.98265,                0.82412,                0.59472,                0.41673,                0.81967,              0.0004556,              0.0004556,              0.0004556
                    158,                0.46675,                0.36609,                0.81601,                0.99793,                0.96667,                0.98198,                0.82563,                 0.5932,                0.41534,                0.81748,              0.0004457,              0.0004457,              0.0004457
                    159,                0.40584,                0.34978,                0.77554,                0.99785,                0.96667,                0.97864,                0.83831,                0.59517,                 0.4184,                0.81618,              0.0004358,              0.0004358,              0.0004358
                    160,                0.42573,                0.36755,                0.80639,                0.99786,                0.96667,                0.97457,                0.82947,                0.61079,                0.41038,                 0.8143,              0.0004259,              0.0004259,              0.0004259
                    161,                0.43288,                0.37145,                0.80282,                0.99786,                0.96667,                0.97457,                0.83091,                0.60594,                0.40564,                0.81269,               0.000416,               0.000416,               0.000416
                    162,                0.46092,                0.37539,                0.81176,                0.99789,                0.96667,                0.97584,                0.84034,                0.59251,                0.39652,                0.81138,              0.0004061,              0.0004061,              0.0004061
                    163,                0.41679,                0.35606,                0.79848,                0.99789,                0.96667,                0.97864,                0.83652,                0.58852,                0.39603,                0.81327,              0.0003962,              0.0003962,              0.0003962
                    164,                0.45147,                0.37168,                0.80542,                0.99785,                0.96667,                0.98052,                0.83614,                  0.594,                0.38675,                0.81275,              0.0003863,              0.0003863,              0.0003863
                    165,                0.43223,                0.36395,                0.79692,                0.99777,                0.96667,                0.98079,                0.83039,                0.59896,                0.38921,                0.81213,              0.0003764,              0.0003764,              0.0003764
                    166,                0.43195,                0.35909,                 0.8015,                0.99769,                0.96667,                0.98107,                 0.8273,                0.60405,                0.39031,                0.81113,              0.0003665,              0.0003665,              0.0003665
                    167,                 0.4209,                0.35303,                0.79648,                 0.9976,                0.96667,                0.97843,                0.82951,                0.60965,                0.39322,                0.81088,              0.0003566,              0.0003566,              0.0003566
                    168,                0.42772,                0.36599,                0.79172,                0.99759,                0.96667,                0.97654,                0.83361,                0.60599,                0.39923,                0.80876,              0.0003467,              0.0003467,              0.0003467
                    169,                0.46662,                0.37112,                0.81153,                 0.9976,                0.96667,                0.97559,                0.83377,                 0.5983,                0.40399,                0.80748,              0.0003368,              0.0003368,              0.0003368
                    170,                0.46704,                0.37499,                0.81388,                0.99761,                0.96667,                0.97349,                0.83843,                0.58271,                0.40389,                0.80594,              0.0003269,              0.0003269,              0.0003269
                    171,                0.39746,                0.35168,                0.79144,                0.99766,                0.96667,                0.97187,                0.84672,                0.57504,                0.39555,                0.80828,               0.000317,               0.000317,               0.000317
                    172,                0.45687,                0.36413,                0.80691,                0.99768,                0.96667,                0.97138,                0.83769,                0.58649,                0.39208,                 0.8105,              0.0003071,              0.0003071,              0.0003071
                    173,                 0.3895,                0.33706,                0.79591,                0.99774,                0.96667,                0.97121,                0.83753,                0.58331,                 0.3944,                0.80868,              0.0002972,              0.0002972,              0.0002972
                    174,                0.39441,                0.34789,                0.81673,                0.99773,                0.96667,                0.97192,                0.83353,                0.59976,                0.38933,                0.81002,              0.0002873,              0.0002873,              0.0002873
                    175,                0.40973,                0.33778,                0.78111,                0.99771,                0.96667,                0.97192,                0.82492,                0.59742,                0.38328,                0.80845,              0.0002774,              0.0002774,              0.0002774
                    176,                0.39731,                0.34518,                0.79701,                0.99771,                0.96667,                0.97182,                0.83671,                0.59352,                0.38876,                0.80581,              0.0002675,              0.0002675,              0.0002675
                    177,                0.36806,                0.33455,                 0.7926,                0.99771,                0.96667,                0.97134,                 0.8387,                0.58516,                0.38695,                0.80481,              0.0002576,              0.0002576,              0.0002576
                    178,                0.38142,                0.33902,                0.78304,                0.99765,                0.96667,                0.97116,                0.83952,                0.57037,                  0.386,                0.80505,              0.0002477,              0.0002477,              0.0002477
                    179,                0.40978,                0.34101,                0.80355,                0.99763,                0.96667,                0.96862,                0.83946,                0.56877,                0.38696,                0.80569,              0.0002378,              0.0002378,              0.0002378
                    180,                0.40611,                0.35455,                0.81184,                0.99745,                0.96667,                0.96853,                0.84073,                0.57418,                0.38485,                0.80627,              0.0002279,              0.0002279,              0.0002279
                    181,                0.38851,                0.33129,                0.79091,                0.99736,                0.96667,                0.97116,                0.83611,                0.58464,                0.37717,                 0.8073,               0.000218,               0.000218,               0.000218
                    182,                0.39557,                0.33269,                0.79143,                0.99721,                0.96667,                 0.9722,                0.83273,                 0.5946,                 0.3833,                0.80748,              0.0002081,              0.0002081,              0.0002081
                    183,                0.36589,                0.32489,                0.79663,                0.99708,                0.96667,                0.97289,                0.83615,                0.60229,                0.38438,                0.80751,              0.0001982,              0.0001982,              0.0001982
                    184,                0.37522,                0.32658,                0.80462,                0.99672,                0.96667,                0.97365,                0.84427,                0.59749,                0.38634,                0.80678,              0.0001883,              0.0001883,              0.0001883
                    185,                0.43137,                  0.346,                0.80239,                0.99635,                0.96667,                  0.975,                0.84222,                0.58694,                0.38543,                0.80598,              0.0001784,              0.0001784,              0.0001784
                    186,                0.35522,                0.32382,                 0.8081,                0.99631,                0.96667,                0.97534,                0.83377,                0.57746,                0.38194,                0.80565,              0.0001685,              0.0001685,              0.0001685
                    187,                 0.3983,                0.34091,                0.79561,                0.99643,                0.96667,                0.97598,                 0.8493,                0.57179,                0.38515,                0.80505,              0.0001586,              0.0001586,              0.0001586
                    188,                0.42834,                0.34201,                  0.797,                0.99661,                0.96667,                0.97611,                0.85138,                 0.5694,                0.38889,                0.80717,              0.0001487,              0.0001487,              0.0001487
                    189,                0.39612,                0.33333,                0.80654,                0.99661,                0.96667,                0.97598,                0.84843,                 0.5707,                0.37879,                0.80886,              0.0001388,              0.0001388,              0.0001388
                    190,                0.40385,                0.35134,                0.80117,                0.99672,                0.96667,                  0.977,                 0.8469,                0.57367,                0.38639,                0.81051,              0.0001289,              0.0001289,              0.0001289
                    191,                0.35792,                0.35027,                0.78109,                0.99645,                0.96667,                0.98079,                0.84113,                0.58227,                0.39766,                0.81059,               0.000119,               0.000119,               0.000119
                    192,                0.35972,                0.33307,                0.78003,                0.99635,                0.96667,                  0.983,                0.84153,                 0.5897,                0.40022,                0.81175,              0.0001091,              0.0001091,              0.0001091
                    193,                0.32752,                0.32834,                0.76561,                0.99644,                0.96667,                0.98415,                0.83896,                0.59031,                0.39195,                0.81117,               9.92e-05,               9.92e-05,               9.92e-05
                    194,                 0.3496,                0.34502,                0.76541,                0.99647,                0.96667,                  0.985,                0.83966,                0.59112,                0.38461,                0.81108,               8.93e-05,               8.93e-05,               8.93e-05
                    195,                0.34563,                0.32501,                0.78336,                0.99632,                0.96667,                0.98545,                0.83882,                0.58986,                0.38214,                0.81105,               7.94e-05,               7.94e-05,               7.94e-05
                    196,                0.34344,                0.32634,                0.78462,                0.99642,                0.96667,                0.98545,                0.83932,                0.58957,                0.38801,                0.81151,               6.95e-05,               6.95e-05,               6.95e-05
                    197,                0.32065,                0.32144,                0.77805,                0.99667,                0.96667,                0.98593,                0.83572,                0.58922,                0.38491,                0.81167,               5.96e-05,               5.96e-05,               5.96e-05
                    198,                0.33219,                0.32315,                0.76416,                0.99692,                0.96667,                0.98545,                0.83839,                0.59072,                0.38491,                0.81312,               4.97e-05,               4.97e-05,               4.97e-05
                    199,                0.31847,                0.32204,                0.76477,                0.99712,                0.96667,                0.98457,                0.83771,                0.58876,                0.38465,                0.81446,               3.98e-05,               3.98e-05,               3.98e-05
                    200,                0.32541,                0.32286,                0.76616,                 0.9972,                0.96667,                0.98415,                0.84399,                0.59192,                0.38864,                0.81494,               2.99e-05,               2.99e-05,               2.99e-05
